time,A1,A2,A3,A4,A5,A6,A7
2025-10-01 00:00:00,0.0,0.0,0.0,0.0,0.0,0.0,0.0005490397257372122
2025-10-01 01:00:00,0.0,0.00013006627369332172,1.370005351156185e-06,8.873533119320524e-05,0.0,0.0,0.012874869071132083
2025-10-01 02:00:00,0.0,0.018076311801886485,2.830963164305073e-05,0.008475868457177828,0.0,0.0,0.01914202605560926
2025-10-01 03:00:00,0.0,0.03633785422837364,6.209780060882606e-06,0.022519279732089205,0.0,0.0,0.005832176600246657
2025-10-01 04:00:00,0.0,0.027344792699246806,0.0,0.015950776651005447,0.0,0.0,0.0
2025-10-01 05:00:00,0.0,0.007285739551699826,0.0,0.0020751201967997073,0.0,0.0,0.0
2025-10-01 06:00:00,0.0,5.7665959492774144e-05,0.0,0.0,0.0,0.0,0.0
2025-10-01 07:00:00,0.0,0.0,0.0,0.0,0.0,0.0,0.0001429372437870402
2025-10-01 08:00:00,0.0,0.0,0.0,5.4810009201442655e-06,0.0,0.0,0.0011079481314943893
2025-10-01 09:00:00,0.0,0.0,0.0,0.0004731399059513256,0.0,0.0,0.0002669258313725642
2025-10-01 10:00:00,0.0,0.0,0.0,9.986935166536563e-05,0.0,0.0,0.0
2025-10-01 11:00:00,0.0,0.0,0.0,0.0,0.0,0.0,0.0
2025-10-01 12:00:00,0.0,0.0,0.0,0.0,0.0,0.0,0.0
2025-10-01 13:00:00,0.0,0.002589614106231147,4.037068862832551e-07,3.5526230016450634e-05,0.0,0.0,0.0002591522975917401
2025-10-01 14:00:00,0.0,0.037599983733152306,0.00017330045490298018,0.0126292027557089,0.0,0.0,0.0065265199360303484
2025-10-01 15:00:00,0.0,0.07660655593809695,0.00029129611082582445,0.04530517516557825,0.0,0.0,0.007850935546874995
2025-10-01 16:00:00,0.0,0.06661835599169985,2.5989511987080263e-05,0.04871271063216945,0.0,0.0,0.000858617067417907
2025-10-01 17:00:00,0.0,0.028302348404505826,0.0,0.016813954302447347,0.0,0.0,0.0
2025-10-01 18:00:00,0.0,0.002284164434582752,0.0,0.0001565441208331798,0.0,0.0,0.0
2025-10-01 19:00:00,0.0,0.0,0.0,0.0,0.0,0.0,1.2507440504163963e-08
2025-10-01 20:00:00,0.0,0.0,2.120335872438264e-05,0.0005208627055115086,0.0,0.0,0.0032743454000925777
2025-10-01 21:00:00,0.0,0.0028404664940270595,0.0001879621421571299,0.014229469047220998,0.0,0.0,0.0076102606317439364
2025-10-01 22:00:00,0.0,0.025121488480927982,2.266471756297109e-05,0.023599328702692907,0.0,0.0,0.004247996475697664
2025-10-01 23:00:00,0.0,0.028436496553747668,0.0,0.012299744174541629,0.0,0.0,9.501199084164227e-05
2025-10-02 00:00:00,0.0,0.009877544124801404,0.0,0.0006182273383599792,0.0,0.0,0.0
2025-10-02 01:00:00,0.0,0.0,0.0,0.0,0.0,0.0,0.0
2025-10-02 02:00:00,0.0,0.0,3.0072051189069587e-05,0.0,0.0,0.0,0.0003829526208620152
2025-10-02 03:00:00,0.0,0.021105302814736646,0.0005629079468780861,0.011865671259458577,0.0,0.0,0.013504226362246964
2025-10-02 04:00:00,0.0,0.08542895453967149,0.0005363886304915064,0.06006826497777223,0.0,0.0,0.0219533868139418
2025-10-02 05:00:00,0.0,0.08013042668926165,7.100710811124484e-05,0.07063570906956637,0.0,0.0,0.008005209212437489
2025-10-02 06:00:00,0.0,0.03987919916070075,0.0,0.030834324045550785,0.0,0.0,8.885580029077684e-06
2025-10-02 07:00:00,0.0,0.005252281493706987,0.0,0.0012953904847824943,0.0,0.0,0.0
2025-10-02 08:00:00,0.0,0.0,0.0,0.0,0.0,0.0,0.0
2025-10-02 09:00:00,0.0,0.0,3.5222611900356e-05,8.227072309144539e-05,0.0,0.0,0.0010550314366943416
2025-10-02 10:00:00,0.0,0.0013206637139991542,0.00014368559860013385,0.011578565585435486,0.0,0.0,0.005728515975413597
2025-10-02 11:00:00,0.0,0.016195690748454814,8.88558002907764e-06,0.017482382003598855,0.0,0.0,0.002873097448902929
2025-10-02 12:00:00,0.0,0.01632771700819908,0.0,0.007023905944053604,0.0,0.0,3.3994342805368705e-06
2025-10-02 13:00:00,0.0,0.0019021809729110484,0.0,1.259262087153155e-05,0.0,0.0,0.0
2025-10-02 14:00:00,0.0,0.0,0.0,0.0,0.0,0.0,0.0
2025-10-02 15:00:00,0.0,0.00030747961191245895,0.0003420049476865827,0.0005102744339357601,0.0,0.0,0.015276140046285795
2025-10-02 16:00:00,0.0,0.03921323980594438,0.00025136686510697173,0.025283199859993413,0.0,0.0,0.06799176758735931
2025-10-02 17:00:00,0.0,0.06458420575175144,0.0003122855773911994,0.060208965470996696,0.0,0.0,0.06892637261044292
2025-10-02 18:00:00,0.0,0.035617537305065554,0.0,0.030223059094858125,0.0,0.0,0.01562507324227334
2025-10-02 19:00:00,0.0,0.0027999341093787513,0.0,0.0007570709381320138,0.0,0.0,7.449707584332695e-15
2025-10-02 20:00:00,0.0,0.0,0.0,0.0,0.0,0.0,0.0
2025-10-02 21:00:00,0.0,1.956412032212477e-05,0.0010321996996076521,0.007967118447746177,0.0,0.0,0.00028571138524135907
2025-10-02 22:00:00,0.0,0.042460241584779526,0.0014216401414519238,0.06222593364147497,0.0,0.0,0.015245883745125527
2025-10-02 23:00:00,0.0,0.16401877472472956,0.000885423482781647,0.08253735188010046,0.0,0.0,0.023716839874406283
2025-10-03 00:00:00,0.0,0.24840581071463122,4.702395145586411e-05,0.051722495069147986,0.0,0.0,0.00970598052938215
2025-10-03 01:00:00,0.0,0.09109855921327562,0.0,0.006004627049290945,0.0,0.0,0.0
2025-10-03 02:00:00,0.0,0.0007567856229345447,0.0,0.0,0.0,0.0,0.0
2025-10-03 03:00:00,0.0,3.990463226099837e-05,0.0005077942560149112,0.00033615042781928934,0.0,0.0,0.0036345058593749997
2025-10-03 04:00:00,0.0,0.1406186998550824,0.005078839225381105,0.08371576645106153,0.0,0.0,0.09037043427238911
2025-10-03 05:00:00,0.0,0.360273850603613,0.005174681124695533,0.3260212994243551,0.0,0.0,0.172134059394194
2025-10-03 06:00:00,0.0,0.3746497961548948,0.004807372583903604,0.3291764272779984,0.0,0.0,0.09343313339838466
2025-10-03 07:00:00,0.0,0.19734532353490478,0.0008886745939446807,0.14424104260822804,0.0,0.0,0.008084082027295839
2025-10-03 08:00:00,0.0,0.042454525884647855,0.0,0.016316937639610417,0.0,0.0,0.0
2025-10-03 09:00:00,0.0,1.588751061413411e-08,0.0,0.0,0.0,0.0,0.0
2025-10-03 10:00:00,0.0,0.0,0.0009293297210848308,0.0019751909047002222,0.0,0.0,0.02288202924551753
2025-10-03 11:00:00,0.0,0.014146147632919394,0.001612060508699545,0.03957411360289615,0.0,0.0,0.0703846151089703
2025-10-03 12:00:00,0.0,0.08397692517896008,0.0006716910780113875,0.0575064493051587,0.0,0.0,0.04594080030427174
2025-10-03 13:00:00,0.0,0.09996223769289292,0.0,0.023779713194656823,0.0,0.0,0.0009455923800735909
2025-10-03 14:00:00,0.0,0.026590477173250467,0.0,0.0001308330707583135,0.0,0.0,0.0
2025-10-03 15:00:00,0.0,0.0,0.0,0.0,0.0,0.0,0.02023491139689588
2025-10-03 16:00:00,0.0,0.004475919422460765,0.0015697344646325392,0.004244975181050824,0.0,0.0,0.31802985070474266
2025-10-03 17:00:00,0.0,0.10528244382472046,0.002010668755637058,0.06240843322902217,0.0,0.0,0.5929604298367205
2025-10-03 18:00:00,0.0,0.10446963129328517,2.12923851321679e-05,0.07160044067136086,0.0,0.0,0.3736539275437369
2025-10-03 19:00:00,0.0,0.035724422151575806,0.0,0.006873478104669812,0.0,0.0,0.05802845059898945
2025-10-03 20:00:00,0.0,0.0004645500321923291,0.0,0.0,0.0,0.0,0.0
2025-10-03 21:00:00,0.0,0.0,0.0,0.0023163446537878955,0.0,0.0,0.00011877890149129074
2025-10-03 22:00:00,0.0,0.00020435504252959695,0.0007563435071401913,0.04269871885208623,0.0,0.0,0.1023930769394351
2025-10-03 23:00:00,0.0,0.023633464755209898,0.0006845416309315979,0.08489832251886635,0.0,0.0,0.33206318854922234
2025-10-04 00:00:00,0.0,0.02456790352354458,0.0,0.028571739670213554,0.0,0.0,0.3411902043047764
2025-10-04 01:00:00,0.0,0.0028444291244929558,0.0,0.00022248792428294334,0.0,0.0,0.13375453295876127
2025-10-04 02:00:00,0.0,0.0,0.0,0.0,0.0,0.0,0.007429502368132391
2025-10-04 03:00:00,0.0,0.16883086233493858,0.012606575728625474,0.09410021451530669,0.0,0.0,0.0
2025-10-04 04:00:00,0.0,0.9200779761984168,0.02971904738702967,0.9043324342226972,3.7352418135889036e-05,0.0,0.0036791131180814304
2025-10-04 05:00:00,0.0,1.0,0.05173961136599814,1.0,3.2476394407376766e-05,0.0,0.12130298499913622
2025-10-04 06:00:00,0.0,1.0,0.06461288636983054,1.0,9.805903933658062e-06,0.0,0.20490380571862826
2025-10-04 07:00:00,0.0,1.0,0.04532420783466734,0.8714651009150196,3.032083467186458e-09,0.0,0.08306107478586232
2025-10-04 08:00:00,0.0,0.4690487842974301,0.008031542593514804,0.2963181400722237,0.0,0.0,0.0005755903847699628
2025-10-04 09:00:00,0.0,0.0610192572638243,0.0,0.01912606824172574,0.0,0.0,0.0
2025-10-04 10:00:00,0.0,0.0,0.0,0.0,0.0,0.0,0.02610904059833317
2025-10-04 11:00:00,0.0,0.0008538996508142721,0.0006416321037514632,0.014228420770200341,0.0,0.0,0.2258474644869416
2025-10-04 12:00:00,0.0,0.08450608450953474,0.0019217476806940152,0.05979277228065201,0.0,0.0,0.3430003022204509
2025-10-04 13:00:00,0.0,0.1713347568101457,1.3222729843163154e-09,0.03784857779089303,0.0,0.0,0.19534027729628203
2025-10-04 14:00:00,0.0,0.08889413103280493,0.0,0.0015600913069742058,0.0,0.0,0.031292621405578425
2025-10-04 15:00:00,0.0,0.0,0.0007162506481305096,1.5351044199189817e-08,0.0,0.0,0.0
2025-10-04 16:00:00,0.0,0.02300602993198479,0.012094913523416302,0.04312093024460548,0.0,0.0,5.769029292291633e-07
2025-10-04 17:00:00,0.0,0.4970531295032411,0.029327003716241407,0.5128892469988242,1.8879078302693302e-05,0.0,0.07161927401812143
2025-10-04 18:00:00,0.0,0.8508388621508165,0.03754862841965638,0.9666231770102707,1.7173457696573783e-05,0.0,0.21218232011809104
2025-10-04 19:00:00,0.0,0.7032424342000534,0.028957802257368177,0.7573829969409489,0.0,0.0,0.13420006249894098
2025-10-04 20:00:00,0.0,0.2947890883095881,0.004428138838287145,0.2801414176114532,0.0,0.0,0.005082327880806953
2025-10-04 21:00:00,0.0,0.017546344240019808,0.0,0.01392481445727358,0.0,0.0,0.0
2025-10-04 22:00:00,0.0,0.0,2.927452562221508e-05,0.0,0.0,0.0,0.03398377250225721
2025-10-04 23:00:00,0.0,0.06128179763355306,0.0056864374677319494,0.044494228263248906,0.0,0.0,0.3795190141993326
2025-10-05 00:00:00,0.0,0.6213223848289393,0.010779346867848066,0.1522981628388883,0.0,0.0,0.6785737264562066
2025-10-05 01:00:00,0.0,1.0,0.006241331946141174,0.1509843608437237,0.0,0.0,0.48761572333021685
2025-10-05 02:00:00,0.0,1.0,0.0009837701191774317,0.04836002982441299,0.0,0.0,0.13536328788894145
2025-10-05 03:00:00,0.0,0.28568794209559245,0.0,0.00035786536183054525,0.0,0.0,0.0006917238528917383
2025-10-05 04:00:00,0.0,2.660506720382721e-08,0.00029036896481392704,0.0017605052198547404,0.0,0.0,0.0
2025-10-05 05:00:00,0.0,0.14181605283507034,0.018752834249852635,0.22436738014168278,7.743146361718054e-06,0.0,0.11204946119508398
2025-10-05 06:00:00,0.0,0.7452411306936694,0.025908771162043914,0.9323937690820315,3.3980899879834185e-05,0.0,0.5061143968340664
2025-10-05 07:00:00,0.0,0.8652626276856447,0.013845015688231726,0.8656846251384972,0.0,0.0,0.5217119527054627
2025-10-05 08:00:00,0.0,0.423977654056683,0.00756921076089434,0.366331140666041,0.0,0.0,0.13082457199064726
2025-10-05 09:00:00,0.0,0.05906650777974226,0.0,0.028624680984346146,0.0,0.0,7.046503829709728e-07
2025-10-05 10:00:00,0.0,0.0,4.1464316494848106e-05,0.0,0.0,0.0,0.00020647411269993248
2025-10-05 11:00:00,0.0,0.02903789725136439,0.011099287614603074,0.0778493954706057,0.0,0.0,0.19361930454769205
2025-10-05 12:00:00,0.0,0.5980821946815054,0.021378986703825483,0.29054911699104014,0.0,0.0,0.6518883256788102
2025-10-05 13:00:00,0.0,1.0,0.0160693982521253,0.32014313897440966,0.0,0.0,0.6183373489497057
2025-10-05 14:00:00,0.0,1.0,0.006562638490940115,0.15810171960863617,0.0,0.0,0.2341233709731005
2025-10-05 15:00:00,0.0,0.6466430216547633,0.0,0.014732070568600755,0.0,0.0,0.00901115735116358
2025-10-05 16:00:00,0.0,0.006680863683170977,0.0,0.0,0.0,0.0,0.0
2025-10-05 17:00:00,0.0,0.0443512930012646,0.014759747401665394,0.09811080235085973,7.331171161690207e-08,0.0,0.08214542758757594
2025-10-05 18:00:00,0.0,0.6914292946440408,0.029780241973263948,0.8553669162609381,3.9892594454604814e-05,0.0,0.6346843000159993
2025-10-05 19:00:00,0.0,1.0,0.02592033191483269,1.0,5.97734738037509e-06,0.0,0.9008687931614462
2025-10-05 20:00:00,0.0,0.6818832363367501,0.013998812992156603,0.5918735705514965,0.0,0.0,0.36706002927255027
2025-10-05 21:00:00,0.0,0.13616375551948104,0.00010355719481785568,0.08224506841918702,0.0,0.0,0.010733433426893335
2025-10-05 22:00:00,0.0,6.172025961957318e-13,0.0,0.0,0.0,0.0,0.0
2025-10-05 23:00:00,0.0,0.008713803000626113,0.013826548587639678,0.08494363383714516,0.0,0.0,0.1387666361341545
2025-10-06 00:00:00,0.0,0.651227923286315,0.03491441413954645,0.39621351466202404,3.173084787869209e-06,0.0,0.7868508894316513
2025-10-06 01:00:00,0.0,1.0,0.02694183084052398,0.47056357769040813,2.9114031655942e-07,0.0,0.9575214343487848
2025-10-06 02:00:00,0.0,1.0,0.015833110086841615,0.2788693657107449,0.0,0.0,0.4800696081831689
2025-10-06 03:00:00,0.0,1.0,0.0005224826370210807,0.05501444460362101,0.0,0.0,0.06148835415398119
2025-10-06 04:00:00,0.0,0.05883823515633145,0.0,0.0,0.0,0.0,0.0
2025-10-06 05:00:00,0.0,0.016069992462667063,0.011505448647121356,0.0485299427263395,0.0,0.0,0.025275677999232058
2025-10-06 06:00:00,0.0,0.8641279806708108,0.035715646357350875,0.9364775560906669,0.00010775943769097119,0.0,0.6222952281389174
2025-10-06 07:00:00,0.0,1.0,0.04601498055487158,1.0,6.369012204564484e-05,0.0,1.0
2025-10-06 08:00:00,0.0,1.0,0.04695084985549394,1.0,8.535007755619463e-07,0.0,0.7813369391682097
2025-10-06 09:00:00,0.0,0.5315066455196016,0.009775506705257255,0.3716111368573375,0.0,0.0,0.10118343662179771
2025-10-06 10:00:00,0.0,0.07509073972994705,0.0,0.011121794260464142,0.0,0.0,0.0
2025-10-06 11:00:00,0.0,0.0,0.002602383229817233,0.002663181252921744,0.0,0.0,0.03138452667928005
2025-10-06 12:00:00,0.0,0.0838187167712316,0.026713959535027212,0.22503074016681338,3.6577362778434727e-07,0.0,0.5540940434361058
2025-10-06 13:00:00,0.0,0.9993972601801525,0.027216149305537736,0.44525024909610067,4.034630587588377e-06,0.0,0.9796843006967674
2025-10-06 14:00:00,0.0,1.0,0.017564196822282507,0.34337756072132836,0.0,0.0,0.6191248550799047
2025-10-06 15:00:00,0.0,1.0,0.0034622184319855515,0.11118986504341768,0.0,0.0,0.13069326178119628
2025-10-06 16:00:00,0.0,0.21811082477984534,0.0,0.0003995969528246204,0.0,0.0,1.429797270967331e-06
2025-10-06 17:00:00,0.0,0.0,0.005371246325211162,0.005881957306035825,0.0,0.0,0.0023927713680517576
2025-10-06 18:00:00,0.0,0.5338608440645636,0.035113581846038425,0.5590263937638011,0.00010325288715246491,0.0,0.44662232418079695
2025-10-06 19:00:00,0.0,1.0,0.046338319461617004,1.0,0.00014784687751363595,0.0,1.0
2025-10-06 20:00:00,0.0,1.0,0.05000726760519099,1.0,1.2882550305463133e-05,0.0,1.0
2025-10-06 21:00:00,0.0,0.5964810595533853,0.014436384470603112,0.44050510063210074,0.0,0.0,0.21192430823894434
2025-10-06 22:00:00,0.0,0.08426773500825956,0.0,0.01601084812905115,0.0,0.0,0.0
2025-10-06 23:00:00,0.0,0.0,0.0022796939067363346,0.0037167184823653087,0.0,0.0,0.009752187651025526
2025-10-07 00:00:00,0.0,0.11568471284614028,0.04070476385434958,0.30963307554957303,8.098476762842719e-06,0.0,0.5400226053913876
2025-10-07 01:00:00,0.0,1.0,0.04354269212273756,0.6166984135217928,4.642069992946312e-05,0.0,1.0
2025-10-07 02:00:00,0.0,1.0,0.03612083844461707,0.5186290283196684,2.880225009815264e-06,0.0,0.9989136736445223
2025-10-07 03:00:00,0.0,1.0,0.01319723925714033,0.22584746448694148,0.0,0.0,0.33159438319025997
2025-10-07 04:00:00,0.0,0.6369796024324758,0.0,0.01252354535006648,0.0,0.0,0.01048362570525747
2025-10-07 05:00:00,0.0,1.264491645556364e-05,0.0006018258409602175,6.4525037662274e-05,0.0,0.0,0.0
2025-10-07 06:00:00,0.0,0.3541438531880351,0.026033722232574635,0.365333441904688,5.204932814236912e-05,0.0,0.22150934392318714
2025-10-07 07:00:00,0.0,1.0,0.05633897574911479,1.0,0.00024145423377078343,0.0,1.0
2025-10-07 08:00:00,0.0,1.0,0.06342456481232547,1.0,7.678009900055745e-05,0.0,1.0
2025-10-07 09:00:00,0.0,1.0,0.04330331963540172,0.8444148660192008,0.0,0.0,0.577945402381323
2025-10-07 10:00:00,0.0,0.3451237426695094,0.0006960785166765086,0.11304831235412599,0.0,0.0,0.01912525837588407
2025-10-07 11:00:00,0.0,0.0011727112385143668,0.0,0.0,0.0,0.0,0.0
2025-10-07 12:00:00,0.0,0.007577006416395592,0.024887333026514368,0.14734704946524277,0.0,0.0,0.21792470309825707
2025-10-07 13:00:00,0.0,0.7574856901866015,0.048652133087467235,0.5541239292949535,4.7505763920923555e-05,0.0,1.0
2025-10-07 14:00:00,0.0,1.0,0.04001339972207788,0.604918472080365,2.450050275973024e-05,0.0,1.0
2025-10-07 15:00:00,0.0,1.0,0.027298601443909675,0.3381620158397795,0.0,0.0,0.5219196447376414
2025-10-07 16:00:00,0.0,1.0,0.0007139177246093752,0.062135701284829564,0.0,0.0,0.05208917766387371
2025-10-07 17:00:00,0.0,0.04529326631281061,0.0,0.0,0.0,0.0,0.0
2025-10-07 18:00:00,0.0,0.05468748137960458,0.019198782169562115,0.10786671480220672,1.744915761543847e-06,0.0,0.07271610370231837
2025-10-07 19:00:00,0.0,1.0,0.053256193920655774,1.0,0.00023100695645107407,0.0,0.9358019051641956
2025-10-07 20:00:00,0.0,1.0,0.05648222545515539,1.0,0.00015653852048915412,0.0,1.0
2025-10-07 21:00:00,0.0,1.0,0.052229784430605435,1.0,1.639776151715742e-06,0.0,0.8517225142132121
2025-10-07 22:00:00,0.0,0.3865926161565392,0.004059247434445014,0.2269896197560981,0.0,0.0,0.08033488672181069
2025-10-07 23:00:00,0.0,0.009848475928238287,0.0,3.2743665258962855e-05,0.0,0.0,0.0
2025-10-08 00:00:00,0.0,0.0008153862450144688,0.019687271713145663,0.07646250535950645,0.0,0.0,0.130291326360211
2025-10-08 01:00:00,0.0,0.6603953011124352,0.055318181930930146,0.5458742066404543,6.738037133800098e-05,0.0,1.0
2025-10-08 02:00:00,0.0,1.0,0.04890025467985385,0.673923931604088,3.549042527727047e-05,0.0,1.0
2025-10-08 03:00:00,0.0,1.0,0.03923250797790412,0.4646585907043821,8.607717926778352e-09,0.0,0.9000916818630997
2025-10-08 04:00:00,0.0,1.0,0.005198291605461847,0.14291528101988146,0.0,0.0,0.19176939146535574
2025-10-08 05:00:00,0.0,0.27511645340715735,0.0,0.000506856129950003,0.0,0.0,5.625872247233667e-05
2025-10-08 06:00:00,0.0,0.0003917270180626663,0.008749497487833132,0.01660862240761434,0.0,0.0,0.005031029785525551
2025-10-08 07:00:00,0.0,0.8435517898734257,0.04222999678724785,0.883084488290728,0.0001753029534658856,0.0,0.5993440209280944
2025-10-08 08:00:00,0.0,1.0,0.053520192267662824,1.0,0.00019778626635759031,0.0,1.0
2025-10-08 09:00:00,0.0,1.0,0.05752168623321518,1.0,2.7092384693982213e-05,0.0,1.0
2025-10-08 10:00:00,0.0,0.6768849896796484,0.021455541280506384,0.48880637181444536,0.0,0.0,0.307213602550899
2025-10-08 11:00:00,0.0,0.11517292541268224,0.0,0.017612055115090626,0.0,0.0,1.1548066917301314e-05
2025-10-08 12:00:00,0.0,0.0,0.003415008016930751,0.006082091243327152,0.0,0.0,0.010890752829068592
2025-10-08 13:00:00,0.0,0.14055738632830436,0.040369715822073715,0.33065939625282753,1.5224810164421498e-05,0.0,0.624947299821165
2025-10-08 14:00:00,0.0,1.0,0.044761579789096236,0.6190229194325145,3.5497136939039083e-05,0.0,1.0
2025-10-08 15:00:00,0.0,1.0,0.0327971641154119,0.4915497706504455,2.6178307789442227e-07,0.0,1.0
2025-10-08 16:00:00,0.0,1.0,0.011568996082347302,0.19504218595306425,0.0,0.0,0.36273202451123654
2025-10-08 17:00:00,0.0,0.5250160181929739,0.0,0.0051603932113274,0.0,0.0,0.009660919329326589
2025-10-08 18:00:00,0.0,0.0,0.0045408908031535,0.0026516941012764937,0.0,0.0,0.0
2025-10-08 19:00:00,0.0,0.6181613742234955,0.03998642676390912,0.6456917240555179,0.0001815412825446826,0.0,0.2820045925589459
2025-10-08 20:00:00,0.0,1.0,0.06461665294790057,1.0,0.0003636897851049909,0.0,1.0
2025-10-08 21:00:00,0.0,1.0,0.07643871762270543,1.0,0.00015504758112834156,0.0,1.0
2025-10-08 22:00:00,0.0,0.9825535799342577,0.04315488308085403,0.8099570074114544,0.0,0.0,0.4989226528854485
2025-10-08 23:00:00,0.0,0.24534647055413109,5.2872422161778335e-06,0.08790237671638701,0.0,0.0,0.006349017403488689
2025-10-09 00:00:00,0.0,0.0,9.805903933658062e-06,5.341282689633957e-06,0.0,0.0,0.00025228464496708275
2025-10-09 01:00:00,0.0,0.059051082310332625,0.039579642316188095,0.2359134295091522,9.81381853272797e-06,0.0,0.4441954049625084
2025-10-09 02:00:00,0.0,1.0,0.05681754169128742,0.673923931604088,7.454606142084702e-05,0.0,1.0
2025-10-09 03:00:00,0.0,1.0,0.05127228472678287,0.6542147187652374,2.8319335099730002e-05,0.0,1.0
2025-10-09 04:00:00,0.0,1.0,0.029662830074355863,0.3598429427002816,0.0,0.0,0.6353647305638863
2025-10-09 05:00:00,0.0,1.0,0.00023334499695221313,0.058316035337250834,0.0,0.0,0.06415946657776876
2025-10-09 06:00:00,0.0,0.03406276108074818,0.0,0.0,0.0,0.0,0.0
2025-10-09 07:00:00,0.0,0.10887371893232761,0.023966015889149588,0.1591427606384347,1.0550240172423543e-05,0.0,0.08461291708033808
2025-10-09 08:00:00,0.0,1.0,0.05316365382625961,1.0,0.0002913449568542715,0.0,1.0
2025-10-09 09:00:00,0.0,1.0,0.06098356724555039,1.0,0.00016592208938318782,0.0,1.0
2025-10-09 10:00:00,0.0,1.0,0.06220956207958078,1.0,7.250353329652566e-06,0.0,0.8980546748282319
2025-10-09 11:00:00,0.0,0.4671804052025162,0.005539334677136314,0.2967813762321226,0.0,0.0,0.0805939216053866
2025-10-09 12:00:00,0.0,0.019357163435788888,0.0,0.000621339973888116,0.0,0.0,0.0
2025-10-09 13:00:00,0.0,1.731097865178842e-05,0.011447900992101231,0.038490859493090515,0.0,0.0,0.12792065429990365
2025-10-09 14:00:00,0.0,0.49106594409615206,0.044296244789971656,0.432045877311928,2.6282883667122914e-05,0.0,1.0
2025-10-09 15:00:00,0.0,1.0,0.037983558197726475,0.5749158203439663,1.3904755721237595e-05,0.0,1.0
2025-10-09 16:00:00,0.0,1.0,0.025750744344295872,0.3826272550711578,0.0,0.0,0.8355240478993623
2025-10-09 17:00:00,0.0,1.0,0.00317224962411059,0.10113386367660963,0.0,0.0,0.1636959116689683
2025-10-09 18:00:00,0.0,0.16912888111254218,0.0,2.236750485918118e-05,0.0,0.0,0.0
2025-10-09 19:00:00,0.0,0.004647051591906733,0.012643091699995777,0.03416921801492155,0.0,0.0,0.009533165275554742
2025-10-09 20:00:00,0.0,0.9147427044312882,0.043773505410559965,1.0,0.0001876119524408051,0.0,0.6222952281389174
2025-10-09 21:00:00,0.0,1.0,0.05316365382625961,1.0,0.000188757785772097,0.0,1.0
2025-10-09 22:00:00,0.0,1.0,0.057983936785762365,1.0,1.9681087914271478e-05,0.0,1.0
2025-10-09 23:00:00,0.0,0.5713867689448396,0.013919837551763682,0.41074313699303866,0.0,0.0,0.22181901171811216
2025-10-10 00:00:00,0.0,0.0669959954780138,0.0,0.009160227439631019,0.0,0.0,0.0
2025-10-10 01:00:00,0.0,0.0,0.00440197441166131,0.009064799693807763,0.0,0.0,0.02376457293257956
2025-10-10 02:00:00,0.0,0.2505866263447554,0.04374282586508514,0.3600418675362174,2.2347444657261408e-05,0.0,0.727835314997336
2025-10-10 03:00:00,0.0,1.0,0.04423600821119809,0.6286099698070499,3.380703353924075e-05,0.0,1.0
2025-10-10 04:00:00,0.0,1.0,0.03396138872731865,0.4932619471815032,5.12023256160596e-07,0.0,1.0
2025-10-10 05:00:00,0.0,1.0,0.011293044098682042,0.20342812082220343,0.0,0.0,0.3357613776349531
2025-10-10 06:00:00,0.0,0.6634658745031381,0.0,0.008833717064207151,0.0,0.0,0.007591900619263089
2025-10-10 07:00:00,0.0,1.1357998304153654e-05,0.0014340363927415653,0.0005241055142831923,0.0,0.0,0.0
2025-10-10 08:00:00,0.0,0.3501638847329078,0.028606930015364438,0.399085970873592,6.122258839924907e-05,0.0,0.26154510141746473
2025-10-10 09:00:00,0.0,1.0,0.0441011021184294,1.0,0.00014500763204794805,0.0,1.0
2025-10-10 10:00:00,0.0,1.0,0.047249327145884756,1.0,3.410075829024781e-05,0.0,1.0
2025-10-10 11:00:00,0.0,0.8437194729149758,0.0297622490891186,0.7066622390033668,0.0,0.0,0.4733578813040371
2025-10-10 12:00:00,0.0,0.19334955808871712,0.00011480229834981462,0.0906315039030901,0.0,0.0,0.00776458466966869
2025-10-10 13:00:00,0.0,5.39263248473167e-05,0.0,0.0,0.0,0.0,1.3584114873218505e-06
2025-10-10 14:00:00,0.0,0.013582689856482826,0.015332026499217305,0.10323984821459709,0.0,0.0,0.29723183352591814
2025-10-10 15:00:00,0.0,0.7675976086831204,0.032564619416700365,0.4162563536975274,3.2076218300261515e-06,0.0,1.0
2025-10-10 16:00:00,0.0,1.0,0.023092581240491444,0.4370707449696826,4.170295477593374e-07,0.0,1.0
2025-10-10 17:00:00,0.0,1.0,0.012108823857588678,0.23013247753920552,0.0,0.0,0.49004171127868584
2025-10-10 18:00:00,0.0,0.9442322745423886,8.01563479750082e-06,0.029193926672887477,0.0,0.0,0.043222346252382374
2025-10-10 19:00:00,0.0,0.015147794260910554,0.0,0.0,0.0,0.0,0.0
2025-10-10 20:00:00,0.0,0.07357694926932387,0.016562443266254185,0.12864278458106518,8.783175575860432e-07,0.0,0.06821959564625853
2025-10-10 21:00:00,0.0,0.985720749752157,0.03767240983225028,1.0,9.888933877785567e-05,0.0,0.8141268436806973
2025-10-10 22:00:00,0.0,1.0,0.038753520488571044,1.0,3.4407050160079315e-05,0.0,1.0
2025-10-10 23:00:00,0.0,1.0,0.034241746802395834,0.8590171428371653,0.0,0.0,0.7209522399367214
2025-10-11 00:00:00,0.0,0.31222118570328916,0.00225963631290229,0.17705680849331482,0.0,0.0,0.06313459410245048
2025-10-11 01:00:00,0.0,0.011505636951920934,0.0,5.425243022963973e-05,0.0,0.0,0.0
2025-10-11 02:00:00,0.0,6.4140047429461624e-06,0.012132735066658963,0.044395427736732426,0.0,0.0,0.08567521738309512
2025-10-11 03:00:00,0.0,0.40393396684699384,0.04015106113289836,0.39421888330169275,7.675333541026731e-06,0.0,0.8045940828356388
2025-10-11 04:00:00,0.0,1.0,0.03141133959897474,0.5245635801921117,7.111866095292624e-06,0.0,1.0
2025-10-11 05:00:00,0.0,1.0,0.024628749385731626,0.3649428094495885,0.0,0.0,0.672479932023347
2025-10-11 06:00:00,0.0,1.0,0.0037244311566464647,0.1179202403619954,0.0,0.0,0.1308955317187996
2025-10-11 07:00:00,0.0,0.2727978642921765,0.0,0.0007219981244836848,0.0,0.0,1.886255175413559e-07
2025-10-11 08:00:00,0.0,0.0,0.0031657518266515433,0.003232987280841094,0.0,0.0,0.002310151292640142
2025-10-11 09:00:00,0.0,0.39005149162183617,0.023371149749668866,0.42263597907742567,2.750200807205694e-05,0.0,0.3732793149837036
2025-10-11 10:00:00,0.0,1.0,0.031256286609433664,1.0,2.644057113305989e-05,0.0,1.0
2025-10-11 11:00:00,0.0,1.0,0.023396360036972628,1.0,3.6491839060481314e-10,0.0,0.8877678876397794
2025-10-11 12:00:00,0.0,0.500157879077114,0.01012971991811189,0.3560598704110322,0.0,0.0,0.18704406791225237
2025-10-11 13:00:00,0.0,0.06186423159289265,0.0,0.01830383173822741,0.0,0.0,0.0
2025-10-11 14:00:00,0.0,0.0,0.00013590762116352928,0.0001143393606939906,0.0,0.0,0.004669586626402832
2025-10-11 15:00:00,0.0,0.04275760042082854,0.017484938264737945,0.14290471162405496,0.0,0.0,0.3820167733717352
2025-10-11 16:00:00,0.0,0.7693793853636722,0.021270295150003348,0.3501788230486632,0.0,0.0,0.967564854505091
2025-10-11 17:00:00,0.0,1.0,0.012268013538076503,0.3070996613721016,0.0,0.0,0.7572543239783825
2025-10-11 18:00:00,0.0,1.0,0.0041753226055232335,0.13029192318241753,0.0,0.0,0.24087013365791954
2025-10-11 19:00:00,0.0,0.43402971061350476,0.0,0.005580016267305441,0.0,0.0,0.005932050089120185
2025-10-11 20:00:00,0.0,0.00012773783368099034,8.455973540250392e-05,1.612228703731288e-06,0.0,0.0,0.0
2025-10-11 21:00:00,0.0,0.11833429414404503,0.013494357983477749,0.1683896104586731,4.646983478057214e-07,0.0,0.12014930243764903
2025-10-11 22:00:00,0.0,0.8016793254676735,0.0243770471101317,0.9188311193847462,1.4078529871992403e-05,0.0,0.7427581002721397
2025-10-11 23:00:00,0.0,1.0,0.021201393487900597,1.0,3.904811455340067e-08,0.0,0.9547042354919347
2025-10-12 00:00:00,0.0,0.6636533601877211,0.015479223503312664,0.514187639067991,0.0,0.0,0.3642119699768996
2025-10-12 01:00:00,0.0,0.158771391475459,9.630494544593299e-05,0.07813604185204831,0.0,0.0,0.010216313771240538
2025-10-12 02:00:00,0.0,0.000930469916199337,0.0,0.0,0.0,0.0,0.0
2025-10-12 03:00:00,0.0,0.00021277569828700765,0.009039483592728758,0.040795040388339546,0.0,0.0,0.10503600820614555
2025-10-12 04:00:00,0.0,0.3069713186999298,0.022546407233842627,0.2713162552920691,0.0,0.0,0.6134681972902369
2025-10-12 05:00:00,0.0,1.0,0.015354380641251322,0.34942157498059107,0.0,0.0,0.7320681786027265
2025-10-12 06:00:00,0.0,1.0,0.008622757486732092,0.2179506115164623,0.0,0.0,0.3486023308612976
2025-10-12 07:00:00,0.0,0.9355257663565786,0.000273847617551536,0.04987141924887877,0.0,0.0,0.04033949103412661
2025-10-12 08:00:00,0.0,0.0878843672505279,0.0,0.0,0.0,0.0,0.0
2025-10-12 09:00:00,0.0,0.0,0.0024546648437068666,0.0045548202147662935,0.0,0.0,0.008947466616926247
2025-10-12 10:00:00,0.0,0.25851542554222084,0.014466106574062181,0.2864937566270671,6.366985616774287e-08,0.0,0.3188162559443754
2025-10-12 11:00:00,0.0,0.6758537608345394,0.013338243822905077,0.7312241975467314,0.0,0.0,0.7020174263416981
2025-10-12 12:00:00,0.0,0.6485162427991934,0.0072639768636469995,0.5474647867420639,0.0,0.0,0.45061186395084424
2025-10-12 13:00:00,0.0,0.24232294413025185,0.0011429928530982312,0.14578538318624767,0.0,0.0,0.05323182701716359
2025-10-12 14:00:00,0.0,0.011437698178175392,0.0,0.00123450725574787,0.0,0.0,0.0
2025-10-12 15:00:00,0.0,0.0,0.0013014495585537936,0.002362964313177152,0.0,0.0,0.01347993627817168
2025-10-12 16:00:00,0.0,0.06635399203741586,0.01322147322120028,0.13007654914506855,0.0,0.0,0.3274555828645967
2025-10-12 17:00:00,0.0,0.5786227848843328,0.013856115695700093,0.25975003667970603,0.0,0.0,0.6446581655620911
2025-10-12 18:00:00,0.0,1.0,0.006711626445657722,0.2173182281417992,0.0,0.0,0.4460456905707299
2025-10-12 19:00:00,0.0,1.0,0.0010872926249086928,0.08085253356845279,0.0,0.0,0.10912911199319339
2025-10-12 20:00:00,0.0,0.24171261480134557,0.0,0.0021898402885292957,0.0,0.0,0.00027642823871142135
2025-10-12 21:00:00,0.0,3.0109387790999156e-06,5.9802266074168245e-06,0.0,0.0,0.0,0.0
2025-10-12 22:00:00,0.0,0.04639653417810534,0.0074386270179273946,0.0857385234600313,0.0,0.0,0.09751489092396781
2025-10-12 23:00:00,0.0,0.42675307902955145,0.013418527203514337,0.5207898089522242,0.0,0.0,0.49070794104583254
2025-10-13 00:00:00,0.0,0.7030948017954414,0.007910935663673001,0.6057502235780311,0.0,0.0,0.5580513639062431
2025-10-13 01:00:00,0.0,0.42237346247161045,0.004751946608126218,0.2949991764093006,0.0,0.0,0.18377941248619922
2025-10-13 02:00:00,0.0,0.10356661214824629,0.0,0.04020361225502211,0.0,0.0,0.001585706621936764
2025-10-13 03:00:00,0.0,0.0002640378122324672,0.0,0.0,0.0,0.0,0.0
2025-10-13 04:00:00,0.0,0.0,0.0038198049311288693,0.01788058286021035,0.0,0.0,0.05863917918519748
2025-10-13 05:00:00,0.0,0.10258556674257117,0.012184183148529053,0.1406606796813313,0.0,0.0,0.3217820689220765
2025-10-13 06:00:00,0.0,0.49350639299471954,0.0066533918438677776,0.20096038962346924,0.0,0.0,0.36840937466777457
2025-10-13 07:00:00,0.0,0.9127005655968808,0.0021124707366294523,0.12272200569840828,0.0,0.0,0.157962649721702
2025-10-13 08:00:00,0.0,0.43455278678056647,0.0,0.023149480835157672,0.0,0.0,0.010896613207160377
2025-10-13 09:00:00,0.0,0.0382477443766754,0.0,0.0,0.0,0.0,0.0
2025-10-13 10:00:00,0.0,0.0,0.0008886745939446807,0.0006567062263642899,0.0,0.0,0.004793871996142294
2025-10-13 11:00:00,0.0,0.08551062212239918,0.006980170777257599,0.11206731953694396,0.0,0.0,0.16643903554174297
2025-10-13 12:00:00,0.0,0.29016718589535084,0.005217379204794847,0.3550731063107178,0.0,0.0,0.3579122307137795
2025-10-13 13:00:00,0.0,0.36184385004979414,0.0024902636125968772,0.3027937803798762,0.0,0.0,0.21961750980551778
2025-10-13 14:00:00,0.0,0.1318435573852788,4.4353915562302256e-05,0.08715389845583914,0.0,0.0,0.017676797559987405
2025-10-13 15:00:00,0.0,0.007013396495186994,0.0,0.0006037634524090812,0.0,0.0,0.0
2025-10-13 16:00:00,0.0,0.0,0.00035288081439460126,0.0001919353524971503,0.0,0.0,0.0062583188411873625
2025-10-13 17:00:00,0.0,0.01704638737884858,0.006904508107292412,0.05987106499427824,0.0,0.0,0.18052671218549554
2025-10-13 18:00:00,0.0,0.25498203034640404,0.006703881318790217,0.14906802032829813,0.0,0.0,0.3628511563818138
2025-10-13 19:00:00,0.0,0.6887299849621187,0.0026460906260376304,0.13794677674859507,0.0,0.0,0.2554336352821094
2025-10-13 20:00:00,0.0,0.5950135043631588,0.00023089361298476896,0.05530483670389274,0.0,0.0,0.06286883811602373
2025-10-13 21:00:00,0.0,0.17461479016679707,0.0,0.002734850306290645,0.0,0.0,0.0001242640236420824
2025-10-13 22:00:00,0.0,0.0007981000462800624,0.0,0.0,0.0,0.0,0.0
2025-10-13 23:00:00,0.0,0.0012918246777128715,0.0016363787746391286,0.011163230087070807,0.0,0.0,0.02764930392802923
2025-10-14 00:00:00,0.0,0.15912472633130095,0.004579678685259813,0.19026062448906478,0.0,0.0,0.2086636649457786
2025-10-14 01:00:00,0.0,0.3124817764510551,0.003181562989473939,0.33814339017102324,0.0,0.0,0.2810183192861126
2025-10-14 02:00:00,0.0,0.29888199665551796,0.001415678837378545,0.22701167683204232,0.0,0.0,0.10233573675755854
2025-10-14 03:00:00,0.0,0.0992911419128351,4.2657161724938793e-10,0.053308653376121465,0.0,0.0,0.001054479170133909
2025-10-14 04:00:00,0.0,0.004095487822061854,0.0,4.2706467988820264e-05,0.0,0.0,0.0
2025-10-14 05:00:00,0.0,0.0,9.064714231344541e-05,8.96562386276281e-05,0.0,0.0,0.011213539902181702
2025-10-14 06:00:00,0.0,0.0034086425948149763,0.003009651529948782,0.03200140495323448,0.0,0.0,0.11752811586389324
2025-10-14 07:00:00,0.0,0.08728633909117196,0.0023596018691721776,0.08275188467073359,0.0,0.0,0.169919652205111
2025-10-14 08:00:00,0.0,0.20062567817096139,0.0005064834225048935,0.06795543659154217,0.0,0.0,0.08779851178691497
2025-10-14 09:00:00,0.0,0.19790292636865134,0.0,0.01971957080215858,0.0,0.0,0.008557911724580003
2025-10-14 10:00:00,0.0,0.02977581865539716,0.0,3.930552642702793e-05,0.0,0.0,0.0
2025-10-14 11:00:00,0.0,0.0,7.535721985243677e-07,0.0,0.0,0.0,0.0
2025-10-14 12:00:00,0.0,0.00548478158085209,0.0014957078282953112,0.013065692472785077,0.0,0.0,0.03832552508800709
2025-10-14 13:00:00,0.0,0.1034023647159719,0.0019236112210330569,0.11634067296157964,0.0,0.0,0.13609925186525101
2025-10-14 14:00:00,0.0,0.16543520931451872,0.0008470037313935479,0.1728966811473979,0.0,0.0,0.11059662333091544
2025-10-14 15:00:00,0.0,0.1014090514062831,9.135723255492583e-06,0.08281484935230159,0.0,0.0,0.012793332615264408
2025-10-14 16:00:00,0.0,0.011676695139102529,0.0,0.005581396598455423,0.0,0.0,0.0
2025-10-14 17:00:00,0.0,0.0,0.0,0.0,0.0,0.0,0.00012113576241510311
2025-10-14 18:00:00,0.0,0.00020629536525817768,0.0021016997434507357,0.009357538982630685,0.0,0.0,0.06289630609798842
2025-10-14 19:00:00,0.0,0.07785318269889542,0.0033358694841373734,0.06952542668288461,0.0,0.0,0.18912729291303518
2025-10-14 20:00:00,0.0,0.2934387860255165,0.0017227367479779427,0.09890912533144154,0.0,0.0,0.178574493355097
2025-10-14 21:00:00,0.0,0.47093094829664317,0.00036227015649909064,0.06243751919729646,0.0,0.0,0.06569045697234936
2025-10-14 22:00:00,0.0,0.23454282442914096,0.0,0.012008991565941552,0.0,0.0,0.0024113852681507154
2025-10-14 23:00:00,0.0,0.026129608894551567,0.0,0.0,0.0,0.0,0.0
2025-10-15 00:00:00,0.0,0.0,1.4995383543318624e-05,0.0,0.0,0.0,0.000533404076905796
2025-10-15 01:00:00,0.0,0.021891022737693763,0.001715119825233679,0.03478778550087459,0.0,0.0,0.06405770430866028
2025-10-15 02:00:00,0.0,0.1593531546414682,0.0025102715372940895,0.1910235380568575,0.0,0.0,0.15259966273053602
2025-10-15 03:00:00,0.0,0.25903917759487444,0.0014475254820723624,0.23905440212392043,0.0,0.0,0.09893445519894908
2025-10-15 04:00:00,0.0,0.15715291138427764,0.00019686486158994698,0.11864401862925071,0.0,0.0,0.008789477226810193
2025-10-15 05:00:00,0.0,0.03439057996584216,0.0,0.015184739217449792,0.0,0.0,0.0
2025-10-15 06:00:00,0.0,2.254855966730771e-05,0.0,0.0,0.0,0.0,0.0
2025-10-15 07:00:00,0.0,0.0,8.414171074600016e-05,0.00025090500427401495,0.0,0.0,0.021418017879511562
2025-10-15 08:00:00,0.0,0.004309942393701137,0.0009754149653739662,0.020761524980469206,0.0,0.0,0.07306935825247877
2025-10-15 09:00:00,0.0,0.054176374734126495,0.00041400853775870963,0.04193307857289737,0.0,0.0,0.06644479878425213
2025-10-15 10:00:00,0.0,0.09040505496713318,6.699955216095755e-08,0.026623607211702545,0.0,0.0,0.017343462406269175
2025-10-15 11:00:00,0.0,0.057841819351587734,0.0,0.002700987040774722,0.0,0.0,2.5317308633371675e-06
2025-10-15 12:00:00,0.0,0.001396260371490991,0.0,0.0,0.0,0.0,0.0
2025-10-15 13:00:00,0.0,0.0,0.00016268665093342868,3.900097994225744e-05,0.0,0.0,0.002676990125685901
2025-10-15 14:00:00,0.0,0.02164467504793138,0.0011569154377258362,0.030275225161124672,0.0,0.0,0.05849092264133548
2025-10-15 15:00:00,0.0,0.10218307867350405,0.0012359609737172751,0.12168541981237636,0.0,0.0,0.09654535023571272
2025-10-15 16:00:00,0.0,0.10970334389423846,0.00018926630490448447,0.11532117352597586,0.0,0.0,0.03574208655608343
2025-10-15 17:00:00,0.0,0.029929613919881644,0.0,0.027311519611478693,0.0,0.0,3.1041213658136535e-05
2025-10-15 18:00:00,0.0,9.482979261706763e-06,0.0,0.0,0.0,0.0,0.0
2025-10-15 19:00:00,0.0,0.0,0.000448319545108855,0.00011413603096267732,0.0,0.0,0.008145786445287016
2025-10-15 20:00:00,0.0,0.023271065782614914,0.003217294597749459,0.03818022910698575,0.0,0.0,0.09826314860307743
2025-10-15 21:00:00,0.0,0.22002958621482763,0.00334062026688672,0.10184830441256258,0.0,0.0,0.1636818326421457
2025-10-15 22:00:00,0.0,0.5229081783926821,0.0014419976886072417,0.09992194638005256,0.0,0.0,0.10804654973713436
2025-10-15 23:00:00,0.0,0.46054084661496064,6.921124747102322e-05,0.04332712066091647,0.0,0.0,0.02008363614688561
2025-10-16 00:00:00,0.0,0.14973416124223363,0.0,0.002420859446144038,0.0,0.0,0.0
2025-10-16 01:00:00,0.0,0.0012171569342893133,0.0,0.0,0.0,0.0,0.0
2025-10-16 02:00:00,0.0,0.00020625565627996182,0.0011062095183134032,0.005686742426994671,0.0,0.0,0.019364414899434197
2025-10-16 03:00:00,0.0,0.1287769375803579,0.003944210182921536,0.14366825112028916,0.0,0.0,0.13659270330274614
2025-10-16 04:00:00,0.0,0.2872475427185435,0.0035682812064877114,0.31809835392500313,0.0,0.0,0.17620488367740886
2025-10-16 05:00:00,0.0,0.29327414326681533,0.001348969879858859,0.2438950550491513,0.0,0.0,0.059927017420138805
2025-10-16 06:00:00,0.0,0.11070039362170274,1.396046170947827e-05,0.07212009937251464,0.0,0.0,0.0003747114685561903
2025-10-16 07:00:00,0.0,0.008365158359122911,0.0,0.0008325997539819856,0.0,0.0,0.0
2025-10-16 08:00:00,0.0,0.0,0.0,0.0,0.0,0.0,0.002520800373688152
2025-10-16 09:00:00,0.0,0.00031106510777859406,0.0015173318772730934,0.014608307621513154,0.0,0.0,0.055204727930410105
2025-10-16 10:00:00,0.0,0.051413421140256446,0.0018043097694919416,0.0619541394525659,0.0,0.0,0.09832260829007092
2025-10-16 11:00:00,0.0,0.15613937527950514,0.0004458429752931885,0.0644803963026117,0.0,0.0,0.06017994402791306
2025-10-16 12:00:00,0.0,0.1814295436710416,0.0,0.02091486566838799,0.0,0.0,0.006253920984668596
2025-10-16 13:00:00,0.0,0.03413088809057679,0.0,3.2914076590290795e-05,0.0,0.0,0.0
2025-10-16 14:00:00,0.0,0.0,3.357616789037877e-06,0.0,0.0,0.0,0.0
2025-10-16 15:00:00,0.0,0.009552047263403715,0.002209554044172922,0.020324359441947038,0.0,0.0,0.03980559547750351
2025-10-16 16:00:00,0.0,0.14486695713213152,0.003563154187475445,0.16271188023833058,0.0,0.0,0.1401018145663371
2025-10-16 17:00:00,0.0,0.20974869067909183,0.0010895240141550726,0.2078924373947495,0.0,0.0,0.10718081020872151
2025-10-16 18:00:00,0.0,0.09291777014066918,1.293387731072543e-06,0.07864576520933143,0.0,0.0,0.010846120320264297
2025-10-16 19:00:00,0.0,0.005334073517231875,0.0,0.0011515562397474723,0.0,0.0,0.0
2025-10-16 20:00:00,0.0,0.0,0.00010240374890487385,2.595909319004173e-09,0.0,0.0,0.000602712941725867
2025-10-16 21:00:00,0.0,0.01027849910028905,0.005919094319317382,0.042659445984084374,0.0,0.0,0.08829349376663494
2025-10-16 22:00:00,0.0,0.24522616456386281,0.007048411179562948,0.14826582773992447,0.0,0.0,0.2541705882264861
2025-10-16 23:00:00,0.0,0.7645510537573449,0.004841232487899531,0.1697043760445469,0.0,0.0,0.23977474426705167
2025-10-17 00:00:00,0.0,0.8179061953003276,0.001212219917593476,0.09081623244684149,0.0,0.0,0.0825720361545656
2025-10-17 01:00:00,0.0,0.33371770797929823,0.0,0.012482428670104571,0.0,0.0,0.00193025066532152
2025-10-17 02:00:00,0.0,0.011372896621872856,0.0,0.0,0.0,0.0,0.0
2025-10-17 03:00:00,0.0,8.383571653720934e-05,0.0017452879121189083,0.006391936157953652,0.0,0.0,0.012958467297235467
2025-10-17 04:00:00,0.0,0.21184087730743204,0.008799322716595297,0.22396618951643218,0.0,0.0,0.1919867668474685
2025-10-17 05:00:00,0.0,0.5011242420855446,0.007919585671947893,0.510510181524237,0.0,0.0,0.33389548236457134
2025-10-17 06:00:00,0.0,0.4875891225609115,0.0046708817050688444,0.38576324938186396,0.0,0.0,0.17112968961016267
2025-10-17 07:00:00,0.0,0.21014164110415953,0.0007305224603600927,0.11613796486807808,0.0,0.0,0.009725728646253786
2025-10-17 08:00:00,0.0,0.022436941915730573,0.0,0.0022236163865081444,0.0,0.0,0.0
2025-10-17 09:00:00,0.0,0.0,4.6034739792862583e-07,2.553258741500478e-06,0.0,0.0,0.002759010976077032
2025-10-17 10:00:00,0.0,0.0017092665096908946,0.004249899363028729,0.042623888332840615,0.0,0.0,0.10548169803197897
2025-10-17 11:00:00,0.0,0.13105944209367532,0.005606186924580181,0.13314651630395902,0.0,0.0,0.22385529256207828
2025-10-17 12:00:00,0.0,0.3841283045043923,0.0017465952625723535,0.12236501429105545,0.0,0.0,0.1531476805339874
2025-10-17 13:00:00,0.0,0.41381169539353824,1.6109095880498712e-05,0.03958851205904786,0.0,0.0,0.027034239922905583
2025-10-17 14:00:00,0.0,0.07254168040533382,0.0,0.00012716466748269263,0.0,0.0,0.0
2025-10-17 15:00:00,0.0,0.0,0.00013219295998364192,1.2522991885470133e-07,0.0,0.0,6.889949689493635e-07
2025-10-17 16:00:00,0.0,0.042045492130668924,0.006401159397614966,0.06968418665165099,0.0,0.0,0.07894009646098547
2025-10-17 17:00:00,0.0,0.30060805950903075,0.008068484651035372,0.3577870147003302,0.0,0.0,0.27940587670296446
2025-10-17 18:00:00,0.0,0.40772570424506716,0.00392215930328077,0.36855326961321494,0.0,0.0,0.2362468155233478
2025-10-17 19:00:00,0.0,0.1520586851694479,0.00022933852896429036,0.12188813629178191,0.0,0.0,0.036056901385595544
2025-10-17 20:00:00,0.0,0.009975047117996318,0.0,0.0016632216749001305,0.0,0.0,0.0
2025-10-17 21:00:00,0.0,0.0,0.0008415798945807604,0.0004693731553389852,0.0,0.0,0.0016051373721317392
2025-10-17 22:00:00,0.0,0.03645207711208834,0.010914692827861385,0.10030978811976674,0.0,0.0,0.16409936883933543
2025-10-17 23:00:00,0.0,0.5088244336721343,0.014498046215852172,0.2638930900032558,0.0,0.0,0.452492873756486
2025-10-18 00:00:00,0.0,1.0,0.009513049439399462,0.261531900974942,0.0,0.0,0.4052875257530124
2025-10-18 01:00:00,0.0,1.0,0.0029709817610237524,0.1345961907824173,0.0,0.0,0.13763945005149583
2025-10-18 02:00:00,0.0,0.46976232894929526,0.0,0.015264555139329151,0.0,0.0,0.003331187818019836
2025-10-18 03:00:00,0.0,0.007642268119392953,0.0,0.0,0.0,0.0,0.0
2025-10-18 04:00:00,0.0,0.010945573410029285,0.00545780390252705,0.030241894655185307,0.0,0.0,0.04115756271229615
2025-10-18 05:00:00,0.0,0.4456672849383849,0.015396447646847354,0.4740817448497096,1.4127816393812055e-07,0.0,0.3791183076737449
2025-10-18 06:00:00,0.0,0.877191668508184,0.013894414016775287,0.7782917146829441,0.0,0.0,0.5705803037104065
2025-10-18 07:00:00,0.0,0.6473801689829125,0.010473152627272072,0.49006380768424956,0.0,0.0,0.2564334975231255
2025-10-18 08:00:00,0.0,0.22277780181016163,0.000863795780251029,0.11615970305184686,0.0,0.0,0.011175472049405067
2025-10-18 09:00:00,0.0,0.011419682431348189,0.0,0.0002596003958461221,0.0,0.0,0.0
2025-10-18 10:00:00,0.0,0.0,0.0006876683848375343,0.003164828707785352,0.0,0.0,0.019653192902004003
2025-10-18 11:00:00,0.0,0.026597330021588195,0.009318219175693275,0.10490882382156078,0.0,0.0,0.23858617338995625
2025-10-18 12:00:00,0.0,0.3303704904093129,0.0069567583886497066,0.20387835333356358,0.0,0.0,0.3763101600597424
2025-10-18 13:00:00,0.0,0.7893400936141656,0.0024523938986086087,0.14652883795553234,0.0,0.0,0.21157714188749907
2025-10-18 14:00:00,0.0,0.4519856844345234,3.3695304384850417e-06,0.033576513088228045,0.0,0.0,0.025370198146974436
2025-10-18 15:00:00,0.0,0.03928437083842296,0.0,0.0,0.0,0.0,0.0
2025-10-18 16:00:00,0.0,0.0,0.0030962631674029874,0.0037234926682781838,0.0,0.0,0.004547813969454105
2025-10-18 17:00:00,0.0,0.2449410958089792,0.013284519015329257,0.2519783024916414,7.269710304569275e-10,0.0,0.24488661354847605
2025-10-18 18:00:00,0.0,0.6701711207745451,0.014439341219057353,0.6567212881939176,0.0,0.0,0.5653710774656004
2025-10-18 19:00:00,0.0,0.5619879643775471,0.009346812085775612,0.49813741760313557,0.0,0.0,0.3719125034305835
2025-10-18 20:00:00,0.0,0.20239936063725755,0.0005263894233956526,0.12307228282950357,0.0,0.0,0.03797779768007699
2025-10-18 21:00:00,0.0,0.006875788380639333,0.0,0.00015853994096688437,0.0,0.0,0.0
2025-10-18 22:00:00,0.0,0.0,0.0038047039481038016,0.010310109313043858,0.0,0.0,0.013020209252986133
2025-10-18 23:00:00,0.0,0.12334125230931971,0.020727047180790308,0.2082550561887733,0.0,0.0,0.3085557025031003
2025-10-19 00:00:00,0.0,0.924900452039704,0.0190704698877794,0.3659555887431282,8.946826853031893e-11,0.0,0.6144267561731511
2025-10-19 01:00:00,0.0,1.0,0.01160206568695725,0.29298653693455035,0.0,0.0,0.43707576219695776
2025-10-19 02:00:00,0.0,1.0,0.0027336453237938436,0.11292302927625962,0.0,0.0,0.11196056047927774
2025-10-19 03:00:00,0.0,0.28090583083938875,0.0,0.003335902235608595,0.0,0.0,0.00020268105698778747
2025-10-19 04:00:00,0.0,0.0,0.0002377534911310018,5.0345603179906906e-06,0.0,0.0,0.0
2025-10-19 05:00:00,0.0,0.16276432263916574,0.012821432776357762,0.16739952895902055,3.4083346209066875e-08,0.0,0.18644222149603346
2025-10-19 06:00:00,0.0,0.8280139022021632,0.024295825028727097,0.8635754664305195,9.395145791274056e-06,0.0,0.7535914962571968
2025-10-19 07:00:00,0.0,1.0,0.021701780957554172,0.9428652439035748,0.0,0.0,0.8021477331760982
2025-10-19 08:00:00,0.0,0.607171480246691,0.012773800182299485,0.4262273128747743,0.0,0.0,0.2499637605256238
2025-10-19 09:00:00,0.0,0.1298943107420138,9.314532964528177e-06,0.044341812204822355,0.0,0.0,0.002420859446144038
2025-10-19 10:00:00,0.0,0.0001589974785366639,0.0,0.0,0.0,0.0,0.0
2025-10-19 11:00:00,0.0,0.00016085841660374862,0.0075701723368796015,0.06369629492425595,0.0,0.0,0.08363015431373952
2025-10-19 12:00:00,0.0,0.23286284506125127,0.018848957372844335,0.2715573850075974,0.0,0.0,0.42282631311914626
2025-10-19 13:00:00,0.0,0.9569166463944204,0.00954000849158829,0.2979852329770088,0.0,0.0,0.4587685183362952
2025-10-19 14:00:00,0.0,1.0,0.0036072537157252876,0.15039736958028363,0.0,0.0,0.18207061969913862
2025-10-19 15:00:00,0.0,0.41746091645169736,0.0,0.015874572396466866,0.0,0.0,0.0064338908363451896
2025-10-19 16:00:00,0.0,0.0032436548871334855,0.0,0.0,0.0,0.0,0.0
2025-10-19 17:00:00,0.0,0.028042882174084193,0.008596626662147274,0.045951923753234654,0.0,0.0,0.07584387625155202
2025-10-19 18:00:00,0.0,0.55822714333178,0.02063454361446393,0.5662817222535298,6.4456859900114885e-06,0.0,0.6073798823939547
2025-10-19 19:00:00,0.0,0.9435269066182945,0.016865730895665277,0.8135257543846581,0.0,0.0,0.8530119640958247
2025-10-19 20:00:00,0.0,0.5436154510206441,0.010394685682570135,0.41044201868142144,0.0,0.0,0.34658401787288245
2025-10-19 21:00:00,0.0,0.11581966144659367,0.0,0.04134550770393508,0.0,0.0,0.010733433426893335
2025-10-19 22:00:00,0.0,0.0,0.0,3.080004461768959e-07,0.0,0.0,0.0
2025-10-19 23:00:00,0.0,0.008306367665510645,0.01763141878852458,0.12059911403759434,0.0,0.0,0.10164397318869735
2025-10-20 00:00:00,0.0,0.5468323628064885,0.0346145704998761,0.42014580330002854,1.0092404723760086e-05,0.0,0.6233995686082695
2025-10-20 01:00:00,0.0,1.0,0.02709846046023832,0.47271498536184003,2.083144039825977e-06,0.0,0.7755187337261815
2025-10-20 02:00:00,0.0,1.0,0.017447619813260467,0.30262320479241567,0.0,0.0,0.3838763744902093
2025-10-20 03:00:00,0.0,1.0,0.0013410455767202786,0.07643511845710685,0.0,0.0,0.0455100658095439
2025-10-20 04:00:00,0.0,0.0983585725990752,0.0,2.221698728888122e-06,0.0,0.0,0.0
2025-10-20 05:00:00,0.0,0.00029388350528174244,0.004614781239402038,0.00761437196812486,0.0,0.0,0.015529200045156184
2025-10-20 06:00:00,0.0,0.5029281011184458,0.022732956020631592,0.4705504718264896,2.2818489268297525e-05,0.0,0.47455338440617656
2025-10-20 07:00:00,0.0,1.0,0.025605987875583706,1.0,1.3960461709478332e-05,0.0,1.0
2025-10-20 08:00:00,0.0,1.0,0.02212124745404094,0.8022884486531694,0.0,0.0,0.6539935759940211
2025-10-20 09:00:00,0.0,0.39663645832288535,0.005858344517913952,0.22397702844173056,0.0,0.0,0.08744415710199854
2025-10-20 10:00:00,0.0,0.03482549090204192,0.0,0.0026849857690313043,0.0,0.0,0.0
2025-10-20 11:00:00,0.0,0.0,0.0014693392698229273,0.006688689774745859,0.0,0.0,0.015051818952884481
2025-10-20 12:00:00,0.0,0.04432248892443262,0.0198483685624997,0.19056986197137615,0.0,0.0,0.3914014024138836
2025-10-20 13:00:00,0.0,0.656644950508034,0.021135324050728512,0.360776284240234,2.511732223664989e-07,0.0,0.7823011304201698
2025-10-20 14:00:00,0.0,1.0,0.009851432957956364,0.27038899069299865,0.0,0.0,0.5382284030992722
2025-10-20 15:00:00,0.0,1.0,0.0013163149088688873,0.08072622859667615,0.0,0.0,0.12624689090221716
2025-10-20 16:00:00,0.0,0.1681164214106038,0.0,0.0001438717291996376,0.0,0.0,0.00010498164962135304
2025-10-20 17:00:00,0.0,0.0,0.0028508898679001702,0.0030252826945481102,0.0,0.0,4.515327805236837e-05
2025-10-20 18:00:00,0.0,0.3265317583348523,0.02414004229644764,0.3797208532906124,1.826969730218964e-05,0.0,0.22303211927526856
2025-10-20 19:00:00,0.0,1.0,0.03413400095783573,1.0,3.5291674999911723e-05,0.0,0.7946728946365419
2025-10-20 20:00:00,0.0,1.0,0.03119303226581541,0.9642973852040413,2.623524462999932e-08,0.0,0.7238506712491586
2025-10-20 21:00:00,0.0,0.4739381807798816,0.010724953129422463,0.32501882377387453,0.0,0.0,0.16342036716603545
2025-10-20 22:00:00,0.0,0.05147649631750582,0.0,0.009344780334065474,0.0,0.0,0.0
2025-10-20 23:00:00,0.0,0.0,0.002027778819137618,0.002839986380180739,0.0,0.0,0.002405737968936973
2025-10-21 00:00:00,0.0,0.06923083586709745,0.02962240545057174,0.2190609358967199,5.703427892432142e-08,0.0,0.31896748036310124
2025-10-21 01:00:00,0.0,1.0,0.03753795700037734,0.4609511160434475,5.880696382479372e-06,0.0,0.8837588617712183
2025-10-21 02:00:00,0.0,1.0,0.027467638696777204,0.41453255267115374,1.5135262713120164e-09,0.0,0.744774395939926
2025-10-21 03:00:00,0.0,1.0,0.011423434520623886,0.19961052229493156,0.0,0.0,0.2501318371916702
2025-10-21 04:00:00,0.0,0.708641062307784,9.006426527741983e-08,0.01843441961081367,0.0,0.0,0.007002263505838023
2025-10-21 05:00:00,0.0,0.003457441533203442,0.0,0.0,0.0,0.0,0.0
2025-10-21 06:00:00,0.0,0.08184166885674227,0.015310268656062716,0.12060449633031231,2.2205692873095512e-07,0.0,0.12837407183207997
2025-10-21 07:00:00,0.0,0.8191825474663311,0.03206731647558869,0.9319302798448503,4.508567361904329e-05,0.0,0.7962762057998967
2025-10-21 08:00:00,0.0,1.0,0.027156408630477382,1.0,3.3043430830853394e-06,0.0,0.9972452697242115
2025-10-21 09:00:00,0.0,0.7466145423558389,0.019396614554083556,0.5684041774134776,0.0,0.0,0.37993062433960095
2025-10-21 10:00:00,0.0,0.15809196996953012,0.00013216264695390217,0.0776032484623396,0.0,0.0,0.00922940206153045
2025-10-21 11:00:00,0.0,0.0004700105259523864,0.0,0.0,0.0,0.0,0.0
2025-10-21 12:00:00,0.0,0.0003867757513312776,0.011484807397261113,0.06498786657325237,0.0,0.0,0.1247266954371644
2025-10-21 13:00:00,0.0,0.34739579511293833,0.028874149305004197,0.32645006225546636,7.560092788550846e-07,0.0,0.6622140081867378
2025-10-21 14:00:00,0.0,1.0,0.019234906024783234,0.38874334702210317,3.749865597271516e-08,0.0,0.7645342239667352
2025-10-21 15:00:00,0.0,1.0,0.009503312789291462,0.21174122178411697,0.0,0.0,0.3457245219764175
2025-10-21 16:00:00,0.0,0.799856505613751,7.498746759218428e-05,0.031813296941201274,0.0,0.0,0.028978039229595614
2025-10-21 17:00:00,0.0,0.02232258140418901,0.0,0.0,0.0,0.0,0.0
2025-10-21 18:00:00,0.0,0.014963172356600673,0.011002865777209889,0.054713631862135056,0.0,0.0,0.03822700798504957
2025-10-21 19:00:00,0.0,0.6311760828904873,0.03095292059234796,0.7730929144596852,5.027756030487051e-05,0.0,0.546349530031801
2025-10-21 20:00:00,0.0,1.0,0.02815872101534996,1.0,1.0460311903829255e-05,0.0,0.9289505742305283
2025-10-21 21:00:00,0.0,0.7720365987033263,0.020260983799166143,0.6512594586834354,0.0,0.0,0.46973234482677617
2025-10-21 22:00:00,0.0,0.20629991821908159,0.0005839979803560765,0.10937465182190499,0.0,0.0,0.02897039996245729
2025-10-21 23:00:00,0.0,0.0023972806818076306,0.0,0.0,0.0,0.0,0.0
2025-10-22 00:00:00,0.0,1.0485070514857908e-05,0.009587123882312467,0.05332190452280605,0.0,0.0,0.07845119544166215
2025-10-22 01:00:00,0.0,0.2947270096544124,0.02828096807628916,0.35260664795664004,1.9340037678781612e-06,0.0,0.6583287787900848
2025-10-22 02:00:00,0.0,1.0,0.02103904134144887,0.43954043669581466,1.4947794068952079e-06,0.0,0.9215228396330258
2025-10-22 03:00:00,0.0,1.0,0.012379806163877625,0.2735915849063315,0.0,0.0,0.4998689338056114
2025-10-22 04:00:00,0.0,1.0,0.0005597900260241825,0.06251739522837903,0.0,0.0,0.07779054644057239
2025-10-22 05:00:00,0.0,0.08801864470336333,0.0,7.69410602085659e-07,0.0,0.0,0.0
2025-10-22 06:00:00,0.0,0.0004942407229079487,0.0072639768636469995,0.01701396969587406,0.0,0.0,0.007497475034152545
2025-10-22 07:00:00,0.0,0.531905305216401,0.03129952010337094,0.5907136649658913,4.5777688410938625e-05,0.0,0.40627238202126403
2025-10-22 08:00:00,0.0,1.0,0.03435310047132407,1.0,3.504477689074018e-05,0.0,0.9870111423063466
2025-10-22 09:00:00,0.0,1.0,0.031008764310507676,0.9516192246858204,0.0,0.0,0.7046278638378496
2025-10-22 10:00:00,0.0,0.3953550412207672,0.0076916860159178205,0.3020088971938776,0.0,0.0,0.11461141156099945
2025-10-22 11:00:00,0.0,0.041347506795070106,0.0,0.008177730697265446,0.0,0.0,0.0
2025-10-22 12:00:00,0.0,0.0,0.0007617589729195748,0.00130477718002637,0.0,0.0,0.01045258114293223
2025-10-22 13:00:00,0.0,0.06576171077496808,0.019082440644873466,0.16604834294742207,0.0,0.0,0.37886334765135815
2025-10-22 14:00:00,0.0,0.8011068343600481,0.02114536415660782,0.3557992602456351,2.1541056486263696e-07,0.0,0.7983538988073272
2025-10-22 15:00:00,0.0,1.0,0.012268013538076503,0.2981743501410804,0.0,0.0,0.5495620449702329
2025-10-22 16:00:00,0.0,1.0,0.002717977692926533,0.10872630105658401,0.0,0.0,0.12864278458106518
2025-10-22 17:00:00,0.0,0.27394017695420586,0.0,0.00176899628524154,0.0,0.0,9.628414022433876e-05
2025-10-22 18:00:00,0.0,0.0,0.001357020098136248,0.00037382331201220976,0.0,0.0,7.60476717400313e-05
2025-10-22 19:00:00,0.0,0.20736864936826144,0.019433493164077102,0.24546313121687638,6.768050278211227e-06,0.0,0.24357223561646668
2025-10-22 20:00:00,0.0,0.8466365894171708,0.027364765973146906,0.9565942782398275,1.999101363228479e-05,0.0,0.8778437638909622
2025-10-22 21:00:00,0.0,0.9629751078801372,0.020202198551066655,0.8824673861581662,0.0,0.0,0.8235917139230688
2025-10-22 22:00:00,0.0,0.4203353402169991,0.007498532581233238,0.3163175453539089,0.0,0.0,0.20797787850015062
2025-10-22 23:00:00,0.0,0.042861602551111586,0.0,0.012003539567828493,0.0,0.0,9.408623557461292e-05
2025-10-23 00:00:00,0.0,0.0,0.000927452555780145,0.0007384716959248596,0.0,0.0,0.000567736577008295
2025-10-23 01:00:00,0.0,0.056267889895498295,0.023566742302665453,0.17605837700273297,0.0,0.0,0.25788982400484545
2025-10-23 02:00:00,0.0,0.8445344373384723,0.0316929180454961,0.4039932001183615,1.2540603449421047e-06,0.0,0.7989581453033433
2025-10-23 03:00:00,0.0,1.0,0.021110319068157392,0.36542282489181255,0.0,0.0,0.6921536882769929
2025-10-23 04:00:00,0.0,1.0,0.008476405115406328,0.16514093979126152,0.0,0.0,0.2364157772880445
2025-10-23 05:00:00,0.0,0.5516309274963469,0.0,0.013458454203552428,0.0,0.0,0.007861306196608263
2025-10-23 06:00:00,0.0,0.0021420619058369014,0.0,0.0,0.0,0.0,0.0
2025-10-23 07:00:00,0.0,0.057947841252603896,0.015025664263785248,0.11236365588797809,0.0,0.0,0.06860733518847038
2025-10-23 08:00:00,0.0,0.6540567565312682,0.02907018377189702,0.802053356431317,1.833153891389549e-05,0.0,0.49660057302729704
2025-10-23 09:00:00,0.0,1.0,0.020586814512744023,0.9447980957031256,5.039207728515075e-09,0.0,0.6516233433819029
2025-10-23 10:00:00,0.0,0.596619110988219,0.010975517991572876,0.4433441358759792,0.0,0.0,0.22668927899165864
2025-10-23 11:00:00,0.0,0.11151578782812399,3.4978075507283906e-06,0.04527460798195574,0.0,0.0,0.001392621077660849
2025-10-23 12:00:00,0.0,0.0,0.0,0.0,0.0,0.0,0.0
2025-10-23 13:00:00,0.0,0.0027192081931394526,0.012370948043567077,0.07781026570238055,0.0,0.0,0.183854388610579
2025-10-23 14:00:00,0.0,0.37358688663456674,0.027344792699246806,0.30994342211749487,0.0,0.0,0.7608907479559748
2025-10-23 15:00:00,0.0,1.0,0.01680552245914116,0.3363846162847148,0.0,0.0,0.835794891572329
2025-10-23 16:00:00,0.0,1.0,0.007483935223807768,0.17969549398494888,0.0,0.0,0.3654727964634916
2025-10-23 17:00:00,0.0,0.6704981885162591,1.2907294426164357e-05,0.025512440120200642,0.0,0.0,0.0333312484880241
2025-10-23 18:00:00,0.0,0.017265470817989986,0.0,0.0,0.0,0.0,0.0
2025-10-23 19:00:00,0.0,0.010151200519819204,0.008360468523346822,0.04153020471565131,0.0,0.0,0.02014864916846593
2025-10-23 20:00:00,0.0,0.4881548682378704,0.021811634790752904,0.5803184170375728,1.034833734100863e-05,0.0,0.3684402073144133
2025-10-23 21:00:00,0.0,0.9402062782104885,0.016884301561533047,0.8995897816162154,5.582419092997107e-07,0.0,0.640225718361194
2025-10-23 22:00:00,0.0,0.5753654007448794,0.008902713389084821,0.4692826781810542,0.0,0.0,0.3243871453299372
2025-10-23 23:00:00,0.0,0.12395857680998475,2.45164478458244e-05,0.06029466559014613,0.0,0.0,0.015106861191296991
2025-10-24 00:00:00,0.0,1.0570983004984602e-05,0.0,0.0,0.0,0.0,0.0
2025-10-24 01:00:00,0.0,0.0012039424023920983,0.009010714251653089,0.048861065037044946,0.0,0.0,0.06461288636983054
2025-10-24 02:00:00,0.0,0.3604589884867338,0.030705130947911156,0.2874592584667371,6.764837786074711e-08,0.0,0.5221590547802986
2025-10-24 03:00:00,0.0,1.0,0.02077637007144247,0.37140861607604925,0.0,0.0,0.7214362853094443
2025-10-24 04:00:00,0.0,1.0,0.01190216979188594,0.2336264589744724,0.0,0.0,0.37980696395478114
2025-10-24 05:00:00,0.0,1.0,0.00116128589450274,0.06029536713332338,0.0,0.0,0.049872960548836665
2025-10-24 06:00:00,0.0,0.1219885848154595,0.0,7.67956062234989e-06,0.0,0.0,0.0
2025-10-24 07:00:00,0.0,0.0,0.002416765191895028,0.0033900804625538166,0.0,0.0,0.01022683205210484
2025-10-24 08:00:00,0.0,0.24260305109982502,0.016069026876106857,0.2775505935824008,2.3416951561357897e-06,0.0,0.37813416194797306
2025-10-24 09:00:00,0.0,0.6421289610082365,0.015777715020762192,0.7163222814136779,4.967674976082174e-07,0.0,0.8473149683000565
2025-10-24 10:00:00,0.0,0.5963913141257936,0.006630276283890406,0.5136614679304445,0.0,0.0,0.5700318459964376
2025-10-24 11:00:00,0.0,0.18939728000438757,0.00033170873480607043,0.10893561335818878,0.0,0.0,0.08299688771740743
2025-10-24 12:00:00,0.0,0.0025448683844731985,0.0,6.2335822383099e-05,0.0,0.0,0.0
2025-10-24 13:00:00,0.0,0.0,0.003927558482954321,0.009278197320588842,0.0,0.0,0.005319091269504895
2025-10-24 14:00:00,0.0,0.1591953477106783,0.021378558924266173,0.1731703045854792,0.0,0.0,0.252276663574209
2025-10-24 15:00:00,0.0,0.9435301123578572,0.01967092667050185,0.2897742113166016,0.0,0.0,0.5520489925592224
2025-10-24 16:00:00,0.0,1.0,0.010415914817790752,0.21552102896417044,0.0,0.0,0.3774920844865334
2025-10-24 17:00:00,0.0,1.0,0.0018384780735064916,0.06276431023011644,0.0,0.0,0.07769040782386989
2025-10-24 18:00:00,0.0,0.2628533530522115,0.0,0.0002325332533272241,0.0,0.0,0.0
2025-10-24 19:00:00,0.0,0.0,3.136512812393061e-05,0.0005623075612411708,0.0,0.0,6.682109258506784e-05
2025-10-24 20:00:00,0.0,0.07233357188364085,0.008260548653798582,0.15934489307406516,0.0,0.0,0.17338365444178744
2025-10-24 21:00:00,0.0,0.44853427386358535,0.013536034061931903,0.6390275353738429,4.037068862832494e-07,0.0,0.5887453658228765
2025-10-24 22:00:00,0.0,0.5922671118778396,0.0058603804211339065,0.5679341025298444,0.0,0.0,0.5310123915037308
2025-10-24 23:00:00,0.0,0.2589801557528159,0.0007461028256035506,0.1965834561954754,0.0,0.0,0.11588404627884152
2025-10-25 00:00:00,0.0,0.01894193826530483,0.0,0.005889365982256484,0.0,0.0,0.0
2025-10-25 01:00:00,0.0,0.0,0.00029788508710433125,3.794673165580575e-05,0.0,0.0,0.0004837436595619879
2025-10-25 02:00:00,0.0,0.04611830840533898,0.012318906461549397,0.07634360049539778,0.0,0.0,0.18171242603850576
2025-10-25 03:00:00,0.0,0.5304755628332803,0.016008846400973286,0.21368358514578004,0.0,0.0,0.5249958101955001
2025-10-25 04:00:00,0.0,1.0,0.008524507157320137,0.19853035651536577,0.0,0.0,0.4273165573831455
2025-10-25 05:00:00,0.0,1.0,0.002346286548340995,0.07349623523419747,0.0,0.0,0.1186976467414461
2025-10-25 06:00:00,0.0,0.3733306739413093,0.0,0.0019132414253438038,0.0,0.0,0.00069423161660256
2025-10-25 07:00:00,0.0,0.002231677895570346,0.0,5.274350850129174e-07,0.0,0.0,0.0
2025-10-25 08:00:00,0.0,0.013203295644648252,0.0056651987275011355,0.06663363665557634,0.0,0.0,0.07492024207971533
2025-10-25 09:00:00,0.0,0.33632197077138704,0.013879157319553219,0.48535959661004296,1.905156702870359e-07,0.0,0.39508915269022354
2025-10-25 10:00:00,0.0,0.5561898706445498,0.007468347518625637,0.5960920759269139,0.0,0.0,0.4434568588958782
2025-10-25 11:00:00,0.0,0.3218815116256781,0.0020634482969872493,0.2900328847584185,0.0,0.0,0.12298093924573414
2025-10-25 12:00:00,0.0,0.054154348516162895,0.0,0.030178726719997176,0.0,0.0,2.695482297632017e-05
2025-10-25 13:00:00,0.0,0.0,0.0,0.0,0.0,0.0,7.019655394899169e-07
2025-10-25 14:00:00,0.0,0.004045134010538708,0.005423160987524893,0.022883798374783177,0.0,0.0,0.12784646911440375
2025-10-25 15:00:00,0.0,0.26351028035913143,0.014841863498823426,0.14708059577001395,0.0,0.0,0.4985824274859091
2025-10-25 16:00:00,0.0,0.983461860825656,0.00797377233111581,0.17596504931289855,0.0,0.0,0.5060461538120046
2025-10-25 17:00:00,0.0,1.0,0.003160755999704467,0.09198876770572487,0.0,0.0,0.2111874572673895
2025-10-25 18:00:00,0.0,0.525562116322249,0.0,0.00855472999652352,0.0,0.0,0.014345156796305786
2025-10-25 19:00:00,0.0,0.03134329752744215,0.0,0.0,0.0,0.0,0.0
2025-10-25 20:00:00,0.0,1.1391095382436944e-08,0.001904491320839327,0.013633530112856859,0.0,0.0,0.013760499614275593
2025-10-25 21:00:00,0.0,0.17255075287722207,0.009530941773462986,0.2636889494096827,0.0,0.0,0.2568313971256801
2025-10-25 22:00:00,0.0,0.3756979568322092,0.006181590785955412,0.4962955551217493,0.0,0.0,0.4476971250000002
2025-10-25 23:00:00,0.0,0.34225597130511637,0.0020634482969872493,0.3116024699964108,0.0,0.0,0.22525912277602186
2025-10-26 00:00:00,0.0,0.09056049978676864,0.0,0.05791451037248691,0.0,0.0,0.009772792376342458
2025-10-26 01:00:00,0.0,0.0002622222745115822,0.0,0.0,0.0,0.0,0.0
2025-10-26 02:00:00,0.0,0.0,0.002018418004129135,0.003733126919815399,0.0,0.0,0.024315047491187555
2025-10-26 03:00:00,0.0,0.08778101194356945,0.009069300447383116,0.09349983078352508,0.0,0.0,0.2706120012140229
2025-10-26 04:00:00,0.0,0.4768250205939836,0.006793974251358991,0.16232416808430072,0.0,0.0,0.4177543238944465
2025-10-26 05:00:00,0.0,0.9223831149916252,0.002139595832903495,0.10669769498790108,0.0,0.0,0.23429270704935592
2025-10-26 06:00:00,0.0,0.4617457598667804,0.0,0.02240024886735645,0.0,0.0,0.031954796025797275
2025-10-26 07:00:00,0.0,0.0390225214032925,0.0,0.0,0.0,0.0,0.0
2025-10-26 08:00:00,0.0,0.0,0.0008715742159197672,0.001061377035727982,0.0,0.0,0.0005170257383199697
2025-10-26 09:00:00,0.0,0.1102859431980249,0.008691987512444736,0.13649378736271273,0.0,0.0,0.13126535610904125
2025-10-26 10:00:00,0.0,0.3674705879014835,0.009812506262290499,0.43968695797225843,0.0,0.0,0.3655410852354289
2025-10-26 11:00:00,0.0,0.41285191087168316,0.0030356657382198736,0.36185466839949737,0.0,0.0,0.2820045925589459
2025-10-26 12:00:00,0.0,0.14239282033624925,0.0001461865792848362,0.09840331695870654,0.0,0.0,0.04122423678670159
2025-10-26 13:00:00,0.0,0.00823113264028919,0.0,0.0008140020377036985,0.0,0.0,0.0
2025-10-26 14:00:00,0.0,0.0,0.00031990921907015915,0.00038453486090525525,0.0,0.0,0.0010813141429573644
2025-10-26 15:00:00,0.0,0.02033838195601976,0.010573073274801616,0.07908705276299365,0.0,0.0,0.13238661854813003
2025-10-26 16:00:00,0.0,0.28548321359922696,0.010327388376650249,0.1715987647391266,0.0,0.0,0.3326966530809499
2025-10-26 17:00:00,0.0,0.7620316233775725,0.0037164407090587996,0.14986026627964288,0.0,0.0,0.2730571151373817
2025-10-26 18:00:00,0.0,0.6251535240570112,0.00024688173551510077,0.05512435176816237,0.0,0.0,0.07773629081043551
2025-10-26 19:00:00,0.0,0.14805526277726255,0.0,0.0012955456459622075,0.0,0.0,0.0002542838028261518
2025-10-26 20:00:00,0.0,2.8244655068505086e-06,0.0,0.0,0.0,0.0,0.0
2025-10-26 21:00:00,0.0,0.009888695675206678,0.003201002800633616,0.026838579844548717,0.0,0.0,0.028982504186675088
2025-10-26 22:00:00,0.0,0.20721847377992395,0.006904508107292412,0.24227131944464908,0.0,0.0,0.18827460718160888
2025-10-26 23:00:00,0.0,0.33756770984881096,0.002709548187438691,0.33873932532204426,0.0,0.0,0.1888780784945057
2025-10-27 00:00:00,0.0,0.20018721642499737,0.0004780151181685675,0.16260986916500078,0.0,0.0,0.03455775184027348
2025-10-27 01:00:00,0.0,0.033407807794508484,0.0,0.014545704009158887,0.0,0.0,0.0
2025-10-27 02:00:00,0.0,0.0,0.0,0.0,0.0,0.0,0.0004920729950887859
2025-10-27 03:00:00,0.0,4.180946597773948e-06,0.002297952269426322,0.01040386635478303,0.0,0.0,0.1265426815294825
2025-10-27 04:00:00,0.0,0.07636471557841501,0.006564752546096972,0.08696810374753358,0.0,0.0,0.37076698119340157
2025-10-27 05:00:00,0.0,0.32368195677437017,0.0030924901277122755,0.11500462488515932,0.0,0.0,0.3466929979842997
2025-10-27 06:00:00,0.0,0.5323298553062953,0.000538633440426656,0.06212076328324488,0.0,0.0,0.12311748093598654
2025-10-27 07:00:00,0.0,0.19824714122963746,0.0,0.005466376199749328,0.0,0.0,0.004750798014781946
2025-10-27 08:00:00,0.0,0.0061396476845788665,0.0,0.0,0.0,0.0,0.0
2025-10-27 09:00:00,0.0,0.0,0.0008215945558745484,0.0022723865053470146,0.0,0.0,0.0032422679872421245
2025-10-27 10:00:00,0.0,0.07660968884802483,0.0050997491079471016,0.09960834854556724,0.0,0.0,0.0974540793556055
2025-10-27 11:00:00,0.0,0.19049887785603603,0.0021564012859454254,0.2474178996013761,0.0,0.0,0.15482353000942964
2025-10-27 12:00:00,0.0,0.1760038764597333,0.00022025047078144084,0.15808677026986442,0.0,0.0,0.05903649236942961
2025-10-27 13:00:00,0.0,0.03913380608880762,0.0,0.026718538286388493,0.0,0.0,8.420299214131559e-05
2025-10-27 14:00:00,0.0,5.514415424295174e-06,0.0,0.0,0.0,0.0,0.0
2025-10-27 15:00:00,0.0,0.0,0.001021441242925092,0.0018362362511931006,0.0,0.0,0.02869425684357731
2025-10-27 16:00:00,0.0,0.04625707496658905,0.005692363935861651,0.06463331402713922,0.0,0.0,0.1929778596256973
2025-10-27 17:00:00,0.0,0.2861157797499513,0.004206730875784344,0.12712751025224456,0.0,0.0,0.24783397538956398
2025-10-27 18:00:00,0.0,0.5636396501659197,0.0011474782174038668,0.09329826125729461,0.0,0.0,0.11432726644755166
2025-10-27 19:00:00,0.0,0.34030745220943426,0.0,0.023650631715928305,0.0,0.0,0.009006062384601563
2025-10-27 20:00:00,0.0,0.05062777407668807,0.0,6.640969630320475e-06,0.0,0.0,0.0
2025-10-27 21:00:00,0.0,0.0,1.0795617913523021e-05,0.0,0.0,0.0,0.0006119662839256183
2025-10-27 22:00:00,0.0,0.011763689243398327,0.0022811835458282945,0.02758338811603559,0.0,0.0,0.09420256932400854
2025-10-27 23:00:00,0.0,0.13141129855701913,0.0030231401084125265,0.17266737977754626,0.0,0.0,0.23474881385208163
2025-10-28 00:00:00,0.0,0.18871045442791914,0.0009572096244300107,0.2004908520039819,0.0,0.0,0.15967876635193834
2025-10-28 01:00:00,0.0,0.10955560800682587,5.70228876052223e-06,0.07631920416692033,0.0,0.0,0.01518697756622391
2025-10-28 02:00:00,0.0,0.011757342108606622,0.0,0.003577424637406961,0.0,0.0,0.0
2025-10-28 03:00:00,0.0,0.0,0.0,0.0,0.0,0.0,0.00020182431554770824
2025-10-28 04:00:00,0.0,0.0,0.0008433552467005953,0.005427878149890415,0.0,0.0,0.05276733879076959
2025-10-28 05:00:00,0.0,0.024191642873118983,0.0025516548343265666,0.04544057302239198,0.0,0.0,0.14104369208324033
2025-10-28 06:00:00,0.0,0.09861962273759214,0.00043270556784947607,0.05628800173550389,0.0,0.0,0.1136528190156515
2025-10-28 07:00:00,0.0,0.10560774429297229,0.0,0.021578187829805074,0.0,0.0,0.02985900990168657
2025-10-28 08:00:00,0.0,0.023149480835157672,0.0,0.0001836809741133114,0.0,0.0,4.362453771879859e-05
2025-10-28 09:00:00,0.0,0.0,0.0,0.0,0.0,0.0,0.0
2025-10-28 10:00:00,0.0,0.002803508211584536,0.0012140886611857677,0.005118973730402564,0.0,0.0,0.003426960513629864
2025-10-28 11:00:00,0.0,0.09680927392290845,0.002446251530000952,0.08712765380509159,0.0,0.0,0.05651272013835513
2025-10-28 12:00:00,0.0,0.17032168577969062,0.0012924056800734736,0.17113709170140046,0.0,0.0,0.07115093920898434
2025-10-28 13:00:00,0.0,0.1195845482627831,0.0002783019061145627,0.10858465864118592,0.0,0.0,0.013933387893136053
2025-10-28 14:00:00,0.0,0.026167558218120706,0.0,0.015952552732785084,0.0,0.0,0.0
2025-10-28 15:00:00,0.0,2.361887032322645e-07,0.0,0.0,0.0,0.0,0.0
2025-10-28 16:00:00,0.0,0.0,0.0004199001936906509,0.0009639664977638357,0.0,0.0,0.023141475191176382
2025-10-28 17:00:00,0.0,0.01624987111107366,0.003401191297473155,0.04059382915593313,0.0,0.0,0.10720488222832879
2025-10-28 18:00:00,0.0,0.13645154955653688,0.0014552802546742606,0.07929459224035088,0.0,0.0,0.11994672880567217
2025-10-28 19:00:00,0.0,0.2554608384566097,0.0002568205964015388,0.05633476108396149,0.0,0.0,0.04671627033151184
2025-10-28 20:00:00,0.0,0.183773627844431,0.0,0.013697626352282012,0.0,0.0,0.0018518188003424124
2025-10-28 21:00:00,0.0,0.02535912939872312,0.0,4.11338975830372e-07,0.0,0.0,0.0
2025-10-28 22:00:00,0.0,0.0,0.0,0.0,0.0,0.0,1.2141765699290639e-05
2025-10-28 23:00:00,0.0,0.0009190561478567181,0.00037621661724359686,0.004130026726672916,0.0,0.0,0.03299088856231802
2025-10-29 00:00:00,0.0,0.05049798596180669,0.0007521721692123353,0.05596390260175595,0.0,0.0,0.09265835136971774
2025-10-29 01:00:00,0.0,0.08316121914537238,0.0001446390679057928,0.09561101160920317,0.0,0.0,0.06017994402791306
2025-10-29 02:00:00,0.0,0.0685028272107104,0.0,0.051938406091785586,0.0,0.0,0.0039070200435835385
2025-10-29 03:00:00,0.0,0.0115232189652123,0.0,0.004023832161901974,0.0,0.0,0.0
2025-10-29 04:00:00,0.0,0.0,0.0,0.0,0.0,0.0,0.0
2025-10-29 05:00:00,0.0,0.0,0.00018885189359581678,0.00025827264243363557,0.0,0.0,0.01694251485684554
2025-10-29 06:00:00,0.0,0.001011589478234444,0.0005603289425275997,0.01472524430503039,0.0,0.0,0.05144352069387904
2025-10-29 07:00:00,0.0,0.017265778741114467,0.00012308037298920755,0.02579377038454393,0.0,0.0,0.04086061733688977
2025-10-29 08:00:00,0.0,0.016078312561980918,0.0,0.011820891741674475,0.0,0.0,0.008094139612816319
2025-10-29 09:00:00,0.0,0.002372632437926879,0.0,0.0002162450433222954,0.0,0.0,0.0
2025-10-29 10:00:00,0.0,0.0,0.0,0.0,0.0,0.0,0.0
2025-10-29 11:00:00,0.0,0.00026505225069685607,0.00017068555214742097,3.390911209303889e-05,0.0,0.0,0.0018486916871046308
2025-10-29 12:00:00,0.0,0.04547844961963776,0.0006981460644564796,0.02044202882469233,0.0,0.0,0.032968926054698096
2025-10-29 13:00:00,0.0,0.09150793227238009,0.0003972634484170156,0.070693677264748,0.0,0.0,0.0445073770182226
2025-10-29 14:00:00,0.0,0.0802647868259185,3.406804332979829e-05,0.06554601457652402,0.0,0.0,0.00977071357742844
2025-10-29 15:00:00,0.0,0.025006909862512517,0.0,0.014513782253310077,0.0,0.0,0.0
2025-10-29 16:00:00,0.0,0.0001533605770628183,0.0,0.0,0.0,0.0,0.0
2025-10-29 17:00:00,0.0,0.0,5.820078312462021e-05,3.0426852259360333e-07,0.0,0.0,0.0058346934600510695
2025-10-29 18:00:00,0.0,0.0025275515320456986,0.0018643566907097283,0.017995441591065812,0.0,0.0,0.05341364454585773
2025-10-29 19:00:00,0.0,0.06889622878635122,0.0012197609208816221,0.05354408952463565,0.0,0.0,0.07997939415466619
2025-10-29 20:00:00,0.0,0.1623081683183384,0.0002784762168519392,0.04924698411869884,0.0,0.0,0.04569677478878614
2025-10-29 21:00:00,0.0,0.17729934054740315,0.0,0.018455579149715226,0.0,0.0,0.005226374438974123
2025-10-29 22:00:00,0.0,0.04874193255750816,0.0,0.0004915735438826658,0.0,0.0,0.0
2025-10-29 23:00:00,0.0,0.00017877868922002444,0.0,0.0,0.0,0.0,0.0
2025-10-30 00:00:00,0.0,0.0,2.830963164305073e-05,8.231604826363883e-05,0.0,0.0,0.0031512535103092715
2025-10-30 01:00:00,0.0,0.015418557700120818,0.0005121932031698995,0.021554129270676906,0.0,0.0,0.030016039293212855
2025-10-30 02:00:00,0.0,0.058848778868679355,0.00022116728524119783,0.07452547562087894,0.0,0.0,0.030895488007473892
2025-10-30 03:00:00,0.0,0.06688408706419792,8.784738402020686e-06,0.06597802602878668,0.0,0.0,0.004345285937178868
2025-10-30 04:00:00,0.0,0.026565452523267703,0.0,0.014553195180966856,0.0,0.0,0.0
2025-10-30 05:00:00,0.0,0.00026249756940750464,0.0,0.0,0.0,0.0,0.0
2025-10-30 06:00:00,0.0,0.0,0.0,0.0,0.0,0.0,0.0010729304886126867
2025-10-30 07:00:00,0.0,5.7057803478075405e-06,0.0002128363912004544,0.004330195173285977,0.0,0.0,0.013881503954663492
2025-10-30 08:00:00,0.0,0.012053231171184543,0.0002784762168519392,0.020074345179214855,0.0,0.0,0.015998172628523887
2025-10-30 09:00:00,0.0,0.030801822482409702,0.0,0.01956783671898615,0.0,0.0,0.003255472693722163
2025-10-30 10:00:00,0.0,0.024033468800455038,0.0,0.004190381349279021,0.0,0.0,0.0
2025-10-30 11:00:00,0.0,0.0023431532107715263,0.0,0.0,0.0,0.0,0.0
2025-10-30 12:00:00,0.0,0.0,0.0,0.0,0.0,0.0,0.0021803832946673597
2025-10-30 13:00:00,0.0,0.00015954644787853373,0.00013043178790265853,0.0010933955792206652,0.0,0.0,0.05273556152966669
2025-10-30 14:00:00,0.0,0.02613583754497233,0.00031651122110251586,0.029446472820982138,0.0,0.0,0.10384097758692798
2025-10-30 15:00:00,0.0,0.038760363044307876,5.035849024770258e-06,0.04990469059300665,0.0,0.0,0.05933027988551482
2025-10-30 16:00:00,0.0,0.015454156191563382,0.0,0.01751035604693693,0.0,0.0,0.004865787813352949
2025-10-30 17:00:00,0.0,3.921019613014004e-05,0.0,1.984678921552896e-06,0.0,0.0,0.0
2025-10-30 18:00:00,0.0,0.0,4.621717700192188e-05,0.0,0.0,0.0,0.0
2025-10-30 19:00:00,0.0,0.004186678719357179,0.0015537025364262417,0.0189361354386885,0.0,0.0,0.0012650859404287776
2025-10-30 20:00:00,0.0,0.11085437198317216,0.0028405865294141154,0.0837123412010751,0.0,0.0,0.007468347518625637
2025-10-30 21:00:00,0.0,0.3180655652807808,0.0013124235434284033,0.10905889813171646,0.0,0.0,0.00533950798635563
2025-10-30 22:00:00,0.0,0.39900643010042197,0.0002474129656301521,0.07205855108046927,0.0,0.0,2.0710760398642893e-05
2025-10-30 23:00:00,0.0,0.20724796884403585,0.0,0.020953224038814423,0.0,0.0,0.0
